[{"avg_rating":3.8,"category":"mobile","final_price":9990,"id":"e:6766","image":"http:\/\/app-hdpi.mspcdn.net\/6766-cropped.jpg","image_list":"http:\/\/d1g5scpo04aauu.cloudfront.net\/6766-list.jpg","image_list_xhdpi":"http:\/\/d3qanxju55k1wu.cloudfront.net\/6766-list.jpg","image_widget":"http:\/\/d1g5scpo04aauu.cloudfront.net\/6766-widget.jpg","image_widget_xhdpi":"http:\/\/d3qanxju55k1wu.cloudfront.net\/6766-widget.jpg","link":{"action":"pdp","comparables":true,"id":"e:6766"},"msp_recommended":false,"price":9990,"ratings":0,"saves":null,"sellers":0,"store":null,"subcategory":"mobile","title":"Lenovo A6000 Plus","url":"http:\/\/www.mysmartprice.com\/mobile\/lenovo-a6000-plus-msp6766"},{"avg_rating":4.3,"category":"mobile","final_price":6789,"id":"e:8063","image":"http:\/\/app-hdpi.mspcdn.net\/8063-cropped.jpg","image_list":"http:\/\/d1g5scpo04aauu.cloudfront.net\/8063-list.jpg","image_list_xhdpi":"http:\/\/d3qanxju55k1wu.cloudfront.net\/8063-list.jpg","image_widget":"http:\/\/d1g5scpo04aauu.cloudfront.net\/8063-widget.jpg","image_widget_xhdpi":"http:\/\/d3qanxju55k1wu.cloudfront.net\/8063-widget.jpg","link":{"action":"pdp","comparables":true,"id":"e:8063"},"msp_recommended":false,"price":6789,"ratings":0,"saves":null,"sellers":0,"store":null,"subcategory":"mobile","title":"Xiaomi Redmi 2 Prime","url":"http:\/\/www.mysmartprice.com\/mobile\/xiaomi-redmi-2-prime-msp8063"},{"avg_rating":4.2,"category":"mobile","final_price":21990,"id":"e:3595","image":"http:\/\/app-hdpi.mspcdn.net\/3595-cropped.jpg","image_list":"http:\/\/d1g5scpo04aauu.cloudfront.net\/3595-list.jpg","image_list_xhdpi":"http:\/\/d3qanxju55k1wu.cloudfront.net\/3595-list.jpg","image_widget":"http:\/\/d1g5scpo04aauu.cloudfront.net\/3595-widget.jpg","image_widget_xhdpi":"http:\/\/d3qanxju55k1wu.cloudfront.net\/3595-widget.jpg","link":{"action":"pdp","comparables":true,"id":"e:3595"},"msp_recommended":false,"price":21990,"ratings":0,"saves":null,"sellers":0,"store":null,"subcategory":"mobile","title":"Motorola Moto G (3rd Gen)","url":"http:\/\/www.mysmartprice.com\/mobile\/motorola-moto-g-msp3595"},{"avg_rating":4,"category":"mobile","final_price":6666,"id":"e:6259","image":"http:\/\/app-hdpi.mspcdn.net\/6259-cropped.jpg","image_list":"http:\/\/d1g5scpo04aauu.cloudfront.net\/6259-list.jpg","image_list_xhdpi":"http:\/\/d3qanxju55k1wu.cloudfront.net\/6259-list.jpg","image_widget":"http:\/\/d1g5scpo04aauu.cloudfront.net\/6259-widget.jpg","image_widget_xhdpi":"http:\/\/d3qanxju55k1wu.cloudfront.net\/6259-widget.jpg","link":{"action":"pdp","comparables":true,"id":"e:6259"},"msp_recommended":false,"price":6666,"ratings":0,"saves":null,"sellers":0,"store":null,"subcategory":"mobile","title":"Micromax Canvas Juice 2","url":"http:\/\/www.mysmartprice.com\/mobile\/micromax-canvas-juice-2-msp6259"},{"avg_rating":4.1,"category":"mobile","final_price":5819,"id":"e:6198","image":"http:\/\/app-hdpi.mspcdn.net\/6198-cropped.jpg","image_list":"http:\/\/d1g5scpo04aauu.cloudfront.net\/6198-list.jpg","image_list_xhdpi":"http:\/\/d3qanxju55k1wu.cloudfront.net\/6198-list.jpg","image_widget":"http:\/\/d1g5scpo04aauu.cloudfront.net\/6198-widget.jpg","image_widget_xhdpi":"http:\/\/d3qanxju55k1wu.cloudfront.net\/6198-widget.jpg","link":{"action":"pdp","comparables":true,"id":"e:6198"},"msp_recommended":false,"price":5819,"ratings":0,"saves":null,"sellers":0,"store":null,"subcategory":"mobile","title":"Xiaomi Redmi 2","url":"http:\/\/www.mysmartprice.com\/mobile\/xiaomi-redmi-2-msp6198"},{"avg_rating":3.9,"category":"mobile","final_price":6459,"id":"e:5042","image":"http:\/\/app-hdpi.mspcdn.net\/5042-cropped.jpg","image_list":"http:\/\/d1g5scpo04aauu.cloudfront.net\/5042-list.jpg","image_list_xhdpi":"http:\/\/d3qanxju55k1wu.cloudfront.net\/5042-list.jpg","image_widget":"http:\/\/d1g5scpo04aauu.cloudfront.net\/5042-widget.jpg","image_widget_xhdpi":"http:\/\/d3qanxju55k1wu.cloudfront.net\/5042-widget.jpg","link":{"action":"pdp","comparables":true,"id":"e:5042"},"msp_recommended":false,"price":6459,"ratings":0,"saves":null,"sellers":0,"store":null,"subcategory":"mobile","title":"Microsoft Lumia 535","url":"http:\/\/www.mysmartprice.com\/mobile\/microsoft-lumia-535-msp5042"},{"avg_rating":4.1,"category":"mobile","final_price":14999,"id":"e:7178","image":"http:\/\/app-hdpi.mspcdn.net\/7178-cropped.jpg","image_list":"http:\/\/d1g5scpo04aauu.cloudfront.net\/7178-list.jpg","image_list_xhdpi":"http:\/\/d3qanxju55k1wu.cloudfront.net\/7178-list.jpg","image_widget":"http:\/\/d1g5scpo04aauu.cloudfront.net\/7178-widget.jpg","image_widget_xhdpi":"http:\/\/d3qanxju55k1wu.cloudfront.net\/7178-widget.jpg","link":{"action":"pdp","comparables":true,"id":"e:7178"},"msp_recommended":false,"price":14999,"ratings":0,"saves":null,"sellers":0,"store":null,"subcategory":"mobile","title":"Samsung Galaxy J7","url":"http:\/\/www.mysmartprice.com\/mobile\/samsung-galaxy-j7-msp7178"},{"avg_rating":4,"category":"mobile","final_price":11999,"id":"e:7177","image":"http:\/\/app-hdpi.mspcdn.net\/7177-cropped.jpg","image_list":"http:\/\/d1g5scpo04aauu.cloudfront.net\/7177-list.jpg","image_list_xhdpi":"http:\/\/d3qanxju55k1wu.cloudfront.net\/7177-list.jpg","image_widget":"http:\/\/d1g5scpo04aauu.cloudfront.net\/7177-widget.jpg","image_widget_xhdpi":"http:\/\/d3qanxju55k1wu.cloudfront.net\/7177-widget.jpg","link":{"action":"pdp","comparables":true,"id":"e:7177"},"msp_recommended":false,"price":11999,"ratings":0,"saves":null,"sellers":0,"store":null,"subcategory":"mobile","title":"Samsung Galaxy J5","url":"http:\/\/www.mysmartprice.com\/mobile\/samsung-galaxy-j5-msp7177"},{"avg_rating":4.4,"category":"mobile","final_price":39499,"id":"e:4340","image":"http:\/\/app-hdpi.mspcdn.net\/4340-cropped.jpg","image_list":"http:\/\/d1g5scpo04aauu.cloudfront.net\/4340-list.jpg","image_list_xhdpi":"http:\/\/d3qanxju55k1wu.cloudfront.net\/4340-list.jpg","image_widget":"http:\/\/d1g5scpo04aauu.cloudfront.net\/4340-widget.jpg","image_widget_xhdpi":"http:\/\/d3qanxju55k1wu.cloudfront.net\/4340-widget.jpg","link":{"action":"pdp","comparables":true,"id":"e:4340"},"msp_recommended":false,"price":39499,"ratings":0,"saves":null,"sellers":0,"store":null,"subcategory":"mobile","title":"Apple iPhone 6","url":"http:\/\/www.mysmartprice.com\/mobile\/apple-iphone-6-msp4340"},{"avg_rating":3.9,"category":"mobile","final_price":5999,"id":"e:7877","image":"http:\/\/app-hdpi.mspcdn.net\/7877-cropped.jpg","image_list":"http:\/\/d1g5scpo04aauu.cloudfront.net\/7877-list.jpg","image_list_xhdpi":"http:\/\/d3qanxju55k1wu.cloudfront.net\/7877-list.jpg","image_widget":"http:\/\/d1g5scpo04aauu.cloudfront.net\/7877-widget.jpg","image_widget_xhdpi":"http:\/\/d3qanxju55k1wu.cloudfront.net\/7877-widget.jpg","link":{"action":"pdp","comparables":true,"id":"e:7877"},"msp_recommended":false,"price":5999,"ratings":0,"saves":null,"sellers":0,"store":null,"subcategory":"mobile","title":"Micromax Canvas Xpress 2","url":"http:\/\/www.mysmartprice.com\/mobile\/micromax-canvas-xpress-2-msp7877"},{"avg_rating":3.9,"category":"mobile","final_price":5999,"id":"e:8038","image":"http:\/\/app-hdpi.mspcdn.net\/8038-cropped.jpg","image_list":"http:\/\/d1g5scpo04aauu.cloudfront.net\/8038-list.jpg","image_list_xhdpi":"http:\/\/d3qanxju55k1wu.cloudfront.net\/8038-list.jpg","image_widget":"http:\/\/d1g5scpo04aauu.cloudfront.net\/8038-widget.jpg","image_widget_xhdpi":"http:\/\/d3qanxju55k1wu.cloudfront.net\/8038-widget.jpg","link":{"action":"pdp","comparables":true,"id":"e:8038"},"msp_recommended":false,"price":5999,"ratings":0,"saves":null,"sellers":0,"store":null,"subcategory":"mobile","title":"Karbonn Titanium Machfive","url":"http:\/\/www.mysmartprice.com\/mobile\/karbonn-titanium-mach-five-msp8038"},{"avg_rating":3.8,"category":"mobile","final_price":9466,"id":"e:6115","image":"http:\/\/app-hdpi.mspcdn.net\/6115-cropped.jpg","image_list":"http:\/\/d1g5scpo04aauu.cloudfront.net\/6115-list.jpg","image_list_xhdpi":"http:\/\/d3qanxju55k1wu.cloudfront.net\/6115-list.jpg","image_widget":"http:\/\/d1g5scpo04aauu.cloudfront.net\/6115-widget.jpg","image_widget_xhdpi":"http:\/\/d3qanxju55k1wu.cloudfront.net\/6115-widget.jpg","link":{"action":"pdp","comparables":true,"id":"e:6115"},"msp_recommended":false,"price":9466,"ratings":0,"saves":null,"sellers":0,"store":null,"subcategory":"mobile","title":"Lenovo A7000","url":"http:\/\/www.mysmartprice.com\/mobile\/lenovo-a7000-msp6115"},{"avg_rating":4.3,"category":"mobile","final_price":5637,"id":"e:6990","image":"http:\/\/app-hdpi.mspcdn.net\/6990-cropped.jpg","image_list":"http:\/\/d1g5scpo04aauu.cloudfront.net\/6990-list.jpg","image_list_xhdpi":"http:\/\/d3qanxju55k1wu.cloudfront.net\/6990-list.jpg","image_widget":"http:\/\/d1g5scpo04aauu.cloudfront.net\/6990-widget.jpg","image_widget_xhdpi":"http:\/\/d3qanxju55k1wu.cloudfront.net\/6990-widget.jpg","link":{"action":"pdp","comparables":true,"id":"e:6990"},"msp_recommended":false,"price":5637,"ratings":0,"saves":null,"sellers":0,"store":null,"subcategory":"mobile","title":"Micromax Unite 3 Q372","url":"http:\/\/www.mysmartprice.com\/mobile\/micromax-unite-3-q372-msp6990"},{"avg_rating":4.3,"category":"mobile","final_price":24545,"id":"e:3216","image":"http:\/\/app-hdpi.mspcdn.net\/3216-cropped.jpg","image_list":"http:\/\/d1g5scpo04aauu.cloudfront.net\/3216-list.jpg","image_list_xhdpi":"http:\/\/d3qanxju55k1wu.cloudfront.net\/3216-list.jpg","image_widget":"http:\/\/d1g5scpo04aauu.cloudfront.net\/3216-widget.jpg","image_widget_xhdpi":"http:\/\/d3qanxju55k1wu.cloudfront.net\/3216-widget.jpg","link":{"action":"pdp","comparables":true,"id":"e:3216"},"msp_recommended":false,"price":24545,"ratings":0,"saves":null,"sellers":0,"store":null,"subcategory":"mobile","title":"Apple iPhone 5S","url":"http:\/\/www.mysmartprice.com\/mobile\/apple-iphone-5s-msp3216"},{"avg_rating":4.2,"category":"mobile","final_price":12946,"id":"e:3626","image":"http:\/\/app-hdpi.mspcdn.net\/3626-cropped.jpg","image_list":"http:\/\/d1g5scpo04aauu.cloudfront.net\/3626-list.jpg","image_list_xhdpi":"http:\/\/d3qanxju55k1wu.cloudfront.net\/3626-list.jpg","image_widget":"http:\/\/d1g5scpo04aauu.cloudfront.net\/3626-widget.jpg","image_widget_xhdpi":"http:\/\/d3qanxju55k1wu.cloudfront.net\/3626-widget.jpg","link":{"action":"pdp","comparables":true,"id":"e:3626"},"msp_recommended":false,"price":12946,"ratings":0,"saves":null,"sellers":0,"store":null,"subcategory":"mobile","title":"Apple iPhone 4S 8GB","url":"http:\/\/www.mysmartprice.com\/mobile\/apple-iphone-4s-8gb-msp3626"},{"avg_rating":4.2,"category":"mobile","final_price":8162,"id":"e:6764","image":"http:\/\/app-hdpi.mspcdn.net\/6764-cropped.jpg","image_list":"http:\/\/d1g5scpo04aauu.cloudfront.net\/6764-list.jpg","image_list_xhdpi":"http:\/\/d3qanxju55k1wu.cloudfront.net\/6764-list.jpg","image_widget":"http:\/\/d1g5scpo04aauu.cloudfront.net\/6764-widget.jpg","image_widget_xhdpi":"http:\/\/d3qanxju55k1wu.cloudfront.net\/6764-widget.jpg","link":{"action":"pdp","comparables":true,"id":"e:6764"},"msp_recommended":false,"price":8162,"ratings":0,"saves":null,"sellers":0,"store":null,"subcategory":"mobile","title":"Microsoft Lumia 540 Dual SIM","url":"http:\/\/www.mysmartprice.com\/mobile\/microsoft-lumia-540-dual-sim-msp6764"},{"avg_rating":4.4,"category":"mobile","final_price":11549,"id":"e:5530","image":"http:\/\/app-hdpi.mspcdn.net\/5530-cropped.jpg","image_list":"http:\/\/d1g5scpo04aauu.cloudfront.net\/5530-list.jpg","image_list_xhdpi":"http:\/\/d3qanxju55k1wu.cloudfront.net\/5530-list.jpg","image_widget":"http:\/\/d1g5scpo04aauu.cloudfront.net\/5530-widget.jpg","image_widget_xhdpi":"http:\/\/d3qanxju55k1wu.cloudfront.net\/5530-widget.jpg","link":{"action":"pdp","comparables":true,"id":"e:5530"},"msp_recommended":false,"price":11549,"ratings":0,"saves":null,"sellers":0,"store":null,"subcategory":"mobile","title":"Samsung Galaxy Grand Max","url":"http:\/\/www.mysmartprice.com\/mobile\/samsung-galaxy-grand-max-msp5530"},{"avg_rating":4.1,"category":"mobile","final_price":3999,"id":"e:6234","image":"http:\/\/app-hdpi.mspcdn.net\/6234-cropped.jpg","image_list":"http:\/\/d1g5scpo04aauu.cloudfront.net\/6234-list.jpg","image_list_xhdpi":"http:\/\/d3qanxju55k1wu.cloudfront.net\/6234-list.jpg","image_widget":"http:\/\/d1g5scpo04aauu.cloudfront.net\/6234-widget.jpg","image_widget_xhdpi":"http:\/\/d3qanxju55k1wu.cloudfront.net\/6234-widget.jpg","link":{"action":"pdp","comparables":true,"id":"e:6234"},"msp_recommended":false,"price":3999,"ratings":0,"saves":null,"sellers":0,"store":null,"subcategory":"mobile","title":"Karbonn Titanium Dazzle S201","url":"http:\/\/www.mysmartprice.com\/mobile\/karbonn-titanium-dazzle-s201-(8gb)-msp6234"},{"avg_rating":4.1,"category":"mobile","final_price":6679,"id":"e:5622","image":"http:\/\/app-hdpi.mspcdn.net\/5622-cropped.jpg","image_list":"http:\/\/d1g5scpo04aauu.cloudfront.net\/5622-list.jpg","image_list_xhdpi":"http:\/\/d3qanxju55k1wu.cloudfront.net\/5622-list.jpg","image_widget":"http:\/\/d1g5scpo04aauu.cloudfront.net\/5622-widget.jpg","image_widget_xhdpi":"http:\/\/d3qanxju55k1wu.cloudfront.net\/5622-widget.jpg","link":{"action":"pdp","comparables":true,"id":"e:5622"},"msp_recommended":false,"price":6679,"ratings":0,"saves":null,"sellers":0,"store":null,"subcategory":"mobile","title":"Lenovo A6000","url":"http:\/\/www.mysmartprice.com\/mobile\/lenovo-a6000-msp5622"},{"avg_rating":4.4,"category":"mobile","final_price":47499,"id":"e:4882","image":"http:\/\/app-hdpi.mspcdn.net\/4882-cropped.jpg","image_list":"http:\/\/d1g5scpo04aauu.cloudfront.net\/4882-list.jpg","image_list_xhdpi":"http:\/\/d3qanxju55k1wu.cloudfront.net\/4882-list.jpg","image_widget":"http:\/\/d1g5scpo04aauu.cloudfront.net\/4882-widget.jpg","image_widget_xhdpi":"http:\/\/d3qanxju55k1wu.cloudfront.net\/4882-widget.jpg","link":{"action":"pdp","comparables":true,"id":"e:4882"},"msp_recommended":false,"price":47499,"ratings":0,"saves":null,"sellers":0,"store":null,"subcategory":"mobile","title":"Apple iPhone 6 64GB","url":"http:\/\/www.mysmartprice.com\/mobile\/apple-iphone-6-64gb-msp4882"}]
